{"cameraMode":{"drawMode":0,"name":"Shaded","section":"Shading Mode"},"sceneLighting":true,"audioPlay":false,"sceneViewState":{"showFog":true,"showMaterialUpdate":false,"showSkybox":true,"showFlares":true,"showImageEffects":true,"showParticleSystems":true},"in2DMode":false,"pivot":{"x":-45.9645881652832,"y":6.294319152832031,"z":17.321409225463868},"rotation":{"x":0.1582709699869156,"y":-0.7488606572151184,"z":0.19305838644504548,"w":0.6139960885047913},"size":48.969573974609378,"orthographic":false}